Epoch	Train Loss	Train Accuracy	Validation Accuracy
2024-04-17 12:49:36.302602	,0	,1.1731,	0.0000,	0.2033
2024-04-17 12:49:36.323683	,1	,1.1668,	0.0000,	0.2333
2024-04-17 12:49:36.372158	,2	,1.1590,	0.0000,	0.2400
2024-04-17 12:49:36.382229	,3	,1.1294,	0.0000,	0.1800
2024-04-17 12:49:36.388744	,4	,1.1657,	0.0000,	0.2333
2024-04-17 12:49:36.403551	,5	,1.1396,	0.0000,	0.2433
2024-04-17 12:49:36.419845	,6	,1.1462,	0.0000,	0.2267
2024-04-17 12:49:36.436916	,7	,1.1463,	0.0000,	0.2500
2024-04-17 12:49:36.457128	,8	,1.1877,	0.0000,	0.2133
2024-04-17 12:49:36.469279	,9	,1.1678,	0.0000,	0.2200
2024-04-17 12:49:36.484973	,10	,1.1542,	0.0000,	0.2300
2024-04-17 12:49:36.502562	,11	,1.1645,	0.0000,	0.2233
2024-04-17 12:49:36.520393	,12	,1.1590,	0.0000,	0.1967
2024-04-17 12:49:36.535989	,13	,1.1920,	0.0000,	0.2000
2024-04-17 12:49:36.543272	,14	,1.1436,	0.0000,	0.2067
2024-04-17 12:49:36.551782	,15	,1.1315,	0.0000,	0.1733
2024-04-17 12:49:36.567991	,16	,1.0984,	0.0000,	0.2100
2024-04-17 12:49:36.580675	,17	,1.1106,	0.0000,	0.2133
2024-04-17 12:49:36.589294	,18	,1.0655,	0.0000,	0.1867
2024-04-17 12:49:36.597844	,19	,1.2214,	0.0000,	0.2100
2024-04-17 12:49:36.605851	,20	,1.1875,	0.0000,	0.2100
2024-04-17 12:49:36.613888	,21	,1.1906,	0.0000,	0.2533
2024-04-17 12:49:36.621595	,22	,1.1851,	0.0000,	0.2500
2024-04-17 12:49:36.633757	,23	,1.1963,	0.0000,	0.2567
2024-04-17 12:49:36.642773	,24	,1.0903,	0.0000,	0.2167
2024-04-17 12:49:36.651880	,25	,1.0539,	0.0000,	0.2367
2024-04-17 12:49:36.659911	,26	,1.1866,	0.0000,	0.2100
2024-04-17 12:49:36.666910	,27	,1.2025,	0.0000,	0.2433
2024-04-17 12:49:36.674491	,28	,1.1837,	0.0000,	0.1833
2024-04-17 12:49:36.683017	,29	,1.0994,	0.0000,	0.2167
2024-04-17 12:49:36.975647	,30	,1.1862,	0.0000,	0.2033
2024-04-17 12:49:36.983676	,31	,1.2778,	0.0000,	0.2333
2024-04-17 12:49:36.990760	,32	,1.0607,	0.0000,	0.2400
2024-04-17 12:49:37.001006	,33	,1.1767,	0.0000,	0.1800
2024-04-17 12:49:37.009168	,34	,1.1478,	0.0000,	0.2333
2024-04-17 12:49:37.018110	,35	,1.1720,	0.0000,	0.2433
2024-04-17 12:49:37.028203	,36	,1.1376,	0.0000,	0.2267
2024-04-17 12:49:37.038715	,37	,1.1003,	0.0000,	0.2500
2024-04-17 12:49:37.047875	,38	,1.1107,	0.0000,	0.2133
2024-04-17 12:49:37.057750	,39	,1.2266,	0.0000,	0.2200
2024-04-17 12:49:37.065761	,40	,1.1664,	0.0000,	0.2300
2024-04-17 12:49:37.072461	,41	,1.1137,	0.0000,	0.2233
2024-04-17 12:49:37.082072	,42	,1.1535,	0.0000,	0.1967
2024-04-17 12:49:37.089116	,43	,1.1080,	0.0000,	0.2000
2024-04-17 12:49:37.097143	,44	,1.1305,	0.0000,	0.2067
2024-04-17 12:49:37.104794	,45	,1.1592,	0.0000,	0.1733
2024-04-17 12:49:37.112817	,46	,1.0800,	0.0000,	0.2100
2024-04-17 12:49:37.119433	,47	,1.0632,	0.0000,	0.2133
2024-04-17 12:49:37.129453	,48	,1.1257,	0.0000,	0.1867
2024-04-17 12:49:37.138983	,49	,1.1181,	0.0000,	0.2100
2024-04-17 12:49:37.147897	,50	,1.1823,	0.0000,	0.2100
2024-04-17 12:49:37.154307	,51	,1.0154,	0.0000,	0.2533
2024-04-17 12:49:37.161823	,52	,1.0959,	0.0000,	0.2500
2024-04-17 12:49:37.168834	,53	,1.1364,	0.0000,	0.2567
2024-04-17 12:49:37.176849	,54	,1.1376,	0.0000,	0.2167
2024-04-17 12:49:37.186923	,55	,1.0983,	0.0000,	0.2367
2024-04-17 12:49:37.193435	,56	,1.1797,	0.0000,	0.2100
2024-04-17 12:49:37.200516	,57	,1.1389,	0.0000,	0.2433
2024-04-17 12:49:37.207018	,58	,1.1655,	0.0000,	0.1833
2024-04-17 12:49:37.216238	,59	,1.1535,	0.0000,	0.2167
2024-04-17 12:49:37.382715	,60	,1.1742,	0.0000,	0.2033
2024-04-17 12:49:37.389222	,61	,1.1374,	0.0000,	0.2333
2024-04-17 12:49:37.397736	,62	,1.1822,	0.0000,	0.2400
2024-04-17 12:49:37.404245	,63	,1.1451,	0.0000,	0.1800
2024-04-17 12:49:37.411762	,64	,1.2589,	0.0000,	0.2333
2024-04-17 12:49:37.419783	,65	,1.1785,	0.0000,	0.2433
2024-04-17 12:49:37.427807	,66	,1.1082,	0.0000,	0.2267
2024-04-17 12:49:37.438066	,67	,1.2321,	0.0000,	0.2500
2024-04-17 12:49:37.448169	,68	,1.1594,	0.0000,	0.2133
2024-04-17 12:49:37.454683	,69	,1.0929,	0.0000,	0.2200
2024-04-17 12:49:37.463709	,70	,1.0342,	0.0000,	0.2300
2024-04-17 12:49:37.472731	,71	,1.2168,	0.0000,	0.2233
2024-04-17 12:49:37.481858	,72	,1.1397,	0.0000,	0.1967
2024-04-17 12:49:37.488943	,73	,1.1935,	0.0000,	0.2000
2024-04-17 12:49:37.496973	,74	,1.1135,	0.0000,	0.2067
2024-04-17 12:49:37.507019	,75	,1.1316,	0.0000,	0.1733
2024-04-17 12:49:37.515541	,76	,1.1722,	0.0000,	0.2100
2024-04-17 12:49:37.523028	,77	,1.1717,	0.0000,	0.2133
2024-04-17 12:49:37.532055	,78	,1.2105,	0.0000,	0.1867
2024-04-17 12:49:37.539001	,79	,1.1581,	0.0000,	0.2100
2024-04-17 12:49:37.547145	,80	,1.0502,	0.0000,	0.2100
2024-04-17 12:49:37.553659	,81	,1.1016,	0.0000,	0.2533
2024-04-17 12:49:37.560685	,82	,1.0659,	0.0000,	0.2500
2024-04-17 12:49:37.567187	,83	,1.2562,	0.0000,	0.2567
2024-04-17 12:49:37.577184	,84	,1.1263,	0.0000,	0.2167
2024-04-17 12:49:37.583825	,85	,1.1428,	0.0000,	0.2367
2024-04-17 12:49:37.591516	,86	,1.1130,	0.0000,	0.2100
2024-04-17 12:49:37.599053	,87	,1.1640,	0.0000,	0.2433
2024-04-17 12:49:37.605053	,88	,1.2943,	0.0000,	0.1833
2024-04-17 12:49:37.614076	,89	,1.0924,	0.0000,	0.2167
2024-04-17 12:49:37.788037	,90	,1.1678,	0.0000,	0.2033
2024-04-17 12:49:37.796552	,91	,1.2178,	0.0000,	0.2333
2024-04-17 12:49:37.803575	,92	,1.1063,	0.0000,	0.2400
2024-04-17 12:49:37.811157	,93	,1.1545,	0.0000,	0.1800
2024-04-17 12:49:37.817877	,94	,1.0995,	0.0000,	0.2333
2024-04-17 12:49:37.826969	,95	,1.1942,	0.0000,	0.2433
2024-04-17 12:49:37.834214	,96	,1.1060,	0.0000,	0.2267
2024-04-17 12:49:37.842323	,97	,1.1710,	0.0000,	0.2500
2024-04-17 12:49:37.849836	,98	,1.0791,	0.0000,	0.2133
2024-04-17 12:49:37.857974	,99	,1.1487,	0.0000,	0.2200
2024-04-17 12:49:37.870058	,100	,1.0678,	0.0000,	0.2300
2024-04-17 12:49:37.878065	,101	,1.0261,	0.0000,	0.2233
2024-04-17 12:49:37.886069	,102	,1.1413,	0.0000,	0.1967
2024-04-17 12:49:37.893397	,103	,1.1390,	0.0000,	0.2000
2024-04-17 12:49:37.903412	,104	,1.1230,	0.0000,	0.2067
2024-04-17 12:49:37.910144	,105	,1.0840,	0.0000,	0.1733
2024-04-17 12:49:37.917652	,106	,1.0722,	0.0000,	0.2100
2024-04-17 12:49:37.923158	,107	,1.1236,	0.0000,	0.2133
2024-04-17 12:49:37.933175	,108	,1.0990,	0.0000,	0.1867
2024-04-17 12:49:37.940197	,109	,1.1524,	0.0000,	0.2100
2024-04-17 12:49:37.947706	,110	,1.1174,	0.0000,	0.2100
2024-04-17 12:49:37.954778	,111	,1.1826,	0.0000,	0.2533
2024-04-17 12:49:37.961960	,112	,1.1638,	0.0000,	0.2500
2024-04-17 12:49:37.969352	,113	,1.1416,	0.0000,	0.2567
2024-04-17 12:49:37.980381	,114	,1.1638,	0.0000,	0.2167
2024-04-17 12:49:37.986887	,115	,1.1510,	0.0000,	0.2367
2024-04-17 12:49:37.996932	,116	,1.1730,	0.0000,	0.2100
2024-04-17 12:49:38.004456	,117	,1.1421,	0.0000,	0.2433
2024-04-17 12:49:38.012209	,118	,1.1532,	0.0000,	0.1833
2024-04-17 12:49:38.021220	,119	,1.1292,	0.0000,	0.2167
2024-04-17 12:49:38.171855	,120	,1.1771,	0.0000,	0.2033
2024-04-17 12:49:38.179961	,121	,1.1612,	0.0000,	0.2333
2024-04-17 12:49:38.189168	,122	,1.1079,	0.0000,	0.2400
2024-04-17 12:49:38.197194	,123	,1.1331,	0.0000,	0.1800
2024-04-17 12:49:38.203290	,124	,1.1893,	0.0000,	0.2333
2024-04-17 12:49:38.211024	,125	,1.1101,	0.0000,	0.2433
2024-04-17 12:49:38.222032	,126	,1.0891,	0.0000,	0.2267
2024-04-17 12:49:38.231203	,127	,1.0273,	0.0000,	0.2500
2024-04-17 12:49:38.238762	,128	,1.0911,	0.0000,	0.2133
2024-04-17 12:49:38.245760	,129	,1.1759,	0.0000,	0.2200
2024-04-17 12:49:38.253776	,130	,1.0251,	0.0000,	0.2300
2024-04-17 12:49:38.260795	,131	,1.2627,	0.0000,	0.2233
2024-04-17 12:49:38.269815	,132	,1.1333,	0.0000,	0.1967
2024-04-17 12:49:38.282345	,133	,1.1606,	0.0000,	0.2000
2024-04-17 12:49:38.290292	,134	,1.1574,	0.0000,	0.2067
2024-04-17 12:49:38.297842	,135	,1.1327,	0.0000,	0.1733
2024-04-17 12:49:38.305029	,136	,1.1733,	0.0000,	0.2100
2024-04-17 12:49:38.315163	,137	,1.1698,	0.0000,	0.2133
2024-04-17 12:49:38.325175	,138	,1.1112,	0.0000,	0.1867
2024-04-17 12:49:38.332144	,139	,1.1421,	0.0000,	0.2100
2024-04-17 12:49:38.339154	,140	,1.1136,	0.0000,	0.2100
2024-04-17 12:49:38.346154	,141	,1.0811,	0.0000,	0.2533
2024-04-17 12:49:38.353339	,142	,1.1320,	0.0000,	0.2500
2024-04-17 12:49:38.362364	,143	,1.2060,	0.0000,	0.2567
2024-04-17 12:49:38.370380	,144	,1.1715,	0.0000,	0.2167
2024-04-17 12:49:38.378400	,145	,1.1340,	0.0000,	0.2367
2024-04-17 12:49:38.384480	,146	,1.2319,	0.0000,	0.2100
2024-04-17 12:49:38.391014	,147	,1.1659,	0.0000,	0.2433
2024-04-17 12:49:38.400722	,148	,1.0794,	0.0000,	0.1833
2024-04-17 12:49:38.407225	,149	,1.1135,	0.0000,	0.2167
2024-04-17 12:49:38.576905	,150	,1.1445,	0.0000,	0.2033
2024-04-17 12:49:38.585416	,151	,1.0713,	0.0000,	0.2333
2024-04-17 12:49:38.595022	,152	,1.0930,	0.0000,	0.2400
2024-04-17 12:49:38.606047	,153	,1.1184,	0.0000,	0.1800
2024-04-17 12:49:38.616070	,154	,1.1147,	0.0000,	0.2333
2024-04-17 12:49:38.624574	,155	,1.0801,	0.0000,	0.2433
2024-04-17 12:49:38.635602	,156	,1.2063,	0.0000,	0.2267
2024-04-17 12:49:38.645185	,157	,1.1426,	0.0000,	0.2500
2024-04-17 12:49:38.652197	,158	,1.1036,	0.0000,	0.2133
2024-04-17 12:49:38.662900	,159	,1.1835,	0.0000,	0.2200
2024-04-17 12:49:38.669023	,160	,1.1466,	0.0000,	0.2300
2024-04-17 12:49:38.676911	,161	,1.1550,	0.0000,	0.2233
2024-04-17 12:49:38.685960	,162	,1.1758,	0.0000,	0.1967
2024-04-17 12:49:38.694235	,163	,1.1308,	0.0000,	0.2000
2024-04-17 12:49:38.700993	,164	,1.2100,	0.0000,	0.2067
2024-04-17 12:49:38.706991	,165	,1.1501,	0.0000,	0.1733
2024-04-17 12:49:38.715019	,166	,1.1064,	0.0000,	0.2100
2024-04-17 12:49:38.720542	,167	,1.2292,	0.0000,	0.2133
2024-04-17 12:49:38.730527	,168	,1.1166,	0.0000,	0.1867
2024-04-17 12:49:38.737031	,169	,1.1683,	0.0000,	0.2100
2024-04-17 12:49:38.746032	,170	,1.1216,	0.0000,	0.2100
2024-04-17 12:49:38.752046	,171	,1.1736,	0.0000,	0.2533
2024-04-17 12:49:38.760210	,172	,1.1938,	0.0000,	0.2500
2024-04-17 12:49:38.766209	,173	,1.2187,	0.0000,	0.2567
2024-04-17 12:49:38.773783	,174	,1.0667,	0.0000,	0.2167
2024-04-17 12:49:38.785055	,175	,1.0283,	0.0000,	0.2367
2024-04-17 12:49:38.793068	,176	,1.1284,	0.0000,	0.2100
2024-04-17 12:49:38.803077	,177	,1.1620,	0.0000,	0.2433
2024-04-17 12:49:38.810096	,178	,1.1156,	0.0000,	0.1833
2024-04-17 12:49:38.820037	,179	,1.1541,	0.0000,	0.2167
2024-04-17 12:49:38.987870	,180	,0.9752,	0.0000,	0.2033
2024-04-17 12:49:38.995879	,181	,1.1121,	0.0000,	0.2333
2024-04-17 12:49:39.003899	,182	,1.1480,	0.0000,	0.2400
2024-04-17 12:49:39.012855	,183	,1.0765,	0.0000,	0.1800
2024-04-17 12:49:39.019866	,184	,1.1739,	0.0000,	0.2333
2024-04-17 12:49:39.030885	,185	,1.1197,	0.0000,	0.2433
2024-04-17 12:49:39.041976	,186	,1.1205,	0.0000,	0.2267
2024-04-17 12:49:39.053115	,187	,1.0908,	0.0000,	0.2500
2024-04-17 12:49:39.061551	,188	,1.1416,	0.0000,	0.2133
2024-04-17 12:49:39.070084	,189	,1.1701,	0.0000,	0.2200
2024-04-17 12:49:39.081097	,190	,1.1104,	0.0000,	0.2300
2024-04-17 12:49:39.090106	,191	,1.0552,	0.0000,	0.2233
2024-04-17 12:49:39.099119	,192	,1.1440,	0.0000,	0.1967
2024-04-17 12:49:39.108225	,193	,1.2007,	0.0000,	0.2000
2024-04-17 12:49:39.116230	,194	,1.1012,	0.0000,	0.2067
2024-04-17 12:49:39.123328	,195	,1.0867,	0.0000,	0.1733
2024-04-17 12:49:39.130841	,196	,1.0679,	0.0000,	0.2100
2024-04-17 12:49:39.136864	,197	,1.0916,	0.0000,	0.2133
2024-04-17 12:49:39.146902	,198	,1.1888,	0.0000,	0.1867
2024-04-17 12:49:39.157970	,199	,1.0562,	0.0000,	0.2100
2024-04-17 12:49:39.171279	,200	,1.0671,	0.0000,	0.2100
2024-04-17 12:49:39.183805	,201	,1.1348,	0.0000,	0.2533
2024-04-17 12:49:39.197944	,202	,1.1464,	0.0000,	0.2500
2024-04-17 12:49:39.212175	,203	,1.1793,	0.0000,	0.2567
2024-04-17 12:49:39.223189	,204	,1.1418,	0.0000,	0.2167
2024-04-17 12:49:39.235713	,205	,1.0823,	0.0000,	0.2367
2024-04-17 12:49:39.249355	,206	,1.1019,	0.0000,	0.2100
2024-04-17 12:49:39.265379	,207	,1.1554,	0.0000,	0.2433
2024-04-17 12:49:39.282647	,208	,1.1970,	0.0000,	0.1833
2024-04-17 12:49:39.295257	,209	,1.1465,	0.0000,	0.2167
2024-04-17 12:49:39.498120	,210	,1.1742,	0.0000,	0.2033
2024-04-17 12:49:39.509645	,211	,1.1404,	0.0000,	0.2333
2024-04-17 12:49:39.518181	,212	,1.1322,	0.0000,	0.2400
2024-04-17 12:49:39.528909	,213	,1.0798,	0.0000,	0.1800
2024-04-17 12:49:39.542923	,214	,1.1224,	0.0000,	0.2333
2024-04-17 12:49:39.551051	,215	,1.1377,	0.0000,	0.2433
2024-04-17 12:49:39.563070	,216	,1.1518,	0.0000,	0.2267
2024-04-17 12:49:39.575631	,217	,1.0969,	0.0000,	0.2500
2024-04-17 12:49:39.585652	,218	,1.2159,	0.0000,	0.2133
2024-04-17 12:49:39.595461	,219	,1.1317,	0.0000,	0.2200
2024-04-17 12:49:39.607247	,220	,1.0662,	0.0000,	0.2300
2024-04-17 12:49:39.616895	,221	,1.2034,	0.0000,	0.2233
2024-04-17 12:49:39.626914	,222	,1.1532,	0.0000,	0.1967
2024-04-17 12:49:39.634512	,223	,1.2036,	0.0000,	0.2000
2024-04-17 12:49:39.643536	,224	,1.1416,	0.0000,	0.2067
2024-04-17 12:49:39.653077	,225	,1.0664,	0.0000,	0.1733
2024-04-17 12:49:39.663651	,226	,1.0468,	0.0000,	0.2100
2024-04-17 12:49:39.675254	,227	,1.1507,	0.0000,	0.2133
2024-04-17 12:49:39.684855	,228	,1.1827,	0.0000,	0.1867
2024-04-17 12:49:39.693864	,229	,1.1062,	0.0000,	0.2100
2024-04-17 12:49:39.704907	,230	,1.0577,	0.0000,	0.2100
2024-04-17 12:49:39.714465	,231	,1.0473,	0.0000,	0.2533
2024-04-17 12:49:39.723487	,232	,1.1286,	0.0000,	0.2500
2024-04-17 12:49:39.733084	,233	,1.2333,	0.0000,	0.2567
2024-04-17 12:49:39.747163	,234	,1.1905,	0.0000,	0.2167
2024-04-17 12:49:39.755185	,235	,1.1245,	0.0000,	0.2367
2024-04-17 12:49:39.764288	,236	,1.0870,	0.0000,	0.2100
2024-04-17 12:49:39.770797	,237	,1.0531,	0.0000,	0.2433
2024-04-17 12:49:39.783834	,238	,1.1839,	0.0000,	0.1833
2024-04-17 12:49:39.796888	,239	,1.1067,	0.0000,	0.2167
2024-04-17 12:49:40.004657	,240	,1.1020,	0.0000,	0.2033
2024-04-17 12:49:40.014676	,241	,1.1714,	0.0000,	0.2333
2024-04-17 12:49:40.021687	,242	,1.1361,	0.0000,	0.2400
2024-04-17 12:49:40.033702	,243	,1.0729,	0.0000,	0.1800
2024-04-17 12:49:40.040883	,244	,1.1217,	0.0000,	0.2333
2024-04-17 12:49:40.048890	,245	,1.1269,	0.0000,	0.2433
2024-04-17 12:49:40.059885	,246	,1.1030,	0.0000,	0.2267
2024-04-17 12:49:40.069894	,247	,1.1245,	0.0000,	0.2500
2024-04-17 12:49:40.082967	,248	,1.1450,	0.0000,	0.2133
2024-04-17 12:49:40.092982	,249	,1.1094,	0.0000,	0.2200
2024-04-17 12:49:40.102636	,250	,1.2018,	0.0000,	0.2300
2024-04-17 12:49:40.109659	,251	,1.2429,	0.0000,	0.2233
2024-04-17 12:49:40.118668	,252	,1.1463,	0.0000,	0.1967
2024-04-17 12:49:40.125674	,253	,1.1236,	0.0000,	0.2000
2024-04-17 12:49:40.133354	,254	,1.1986,	0.0000,	0.2067
2024-04-17 12:49:40.138862	,255	,1.1348,	0.0000,	0.1733
2024-04-17 12:49:40.147869	,256	,1.0470,	0.0000,	0.2100
2024-04-17 12:49:40.154452	,257	,1.0016,	0.0000,	0.2133
2024-04-17 12:49:40.166974	,258	,1.1868,	0.0000,	0.1867
2024-04-17 12:49:40.179082	,259	,1.1679,	0.0000,	0.2100
2024-04-17 12:49:40.186081	,260	,1.1049,	0.0000,	0.2100
2024-04-17 12:49:40.198044	,261	,1.1419,	0.0000,	0.2533
2024-04-17 12:49:40.204126	,262	,1.1929,	0.0000,	0.2500
2024-04-17 12:49:40.212388	,263	,1.1568,	0.0000,	0.2567
2024-04-17 12:49:40.222971	,264	,1.0699,	0.0000,	0.2167
2024-04-17 12:49:40.234676	,265	,1.0666,	0.0000,	0.2367
2024-04-17 12:49:40.247223	,266	,1.1989,	0.0000,	0.2100
2024-04-17 12:49:40.254235	,267	,1.0881,	0.0000,	0.2433
2024-04-17 12:49:40.263800	,268	,1.1097,	0.0000,	0.1833
2024-04-17 12:49:40.270157	,269	,1.2578,	0.0000,	0.2167
2024-04-17 12:49:40.465323	,270	,1.1671,	0.0000,	0.2033
2024-04-17 12:49:40.475565	,271	,1.1206,	0.0000,	0.2333
2024-04-17 12:49:40.485660	,272	,1.1220,	0.0000,	0.2400
2024-04-17 12:49:40.497739	,273	,1.1530,	0.0000,	0.1800
2024-04-17 12:49:40.507762	,274	,1.1111,	0.0000,	0.2333
2024-04-17 12:49:40.521425	,275	,1.0979,	0.0000,	0.2433
2024-04-17 12:49:40.532440	,276	,1.0987,	0.0000,	0.2267
2024-04-17 12:49:40.538448	,277	,1.1694,	0.0000,	0.2500
2024-04-17 12:49:40.546960	,278	,1.1899,	0.0000,	0.2133
2024-04-17 12:49:40.557109	,279	,1.1380,	0.0000,	0.2200
2024-04-17 12:49:40.567886	,280	,1.0431,	0.0000,	0.2300
2024-04-17 12:49:40.573392	,281	,1.0959,	0.0000,	0.2233
2024-04-17 12:49:40.584406	,282	,1.1343,	0.0000,	0.1967
2024-04-17 12:49:40.593612	,283	,1.1341,	0.0000,	0.2000
2024-04-17 12:49:40.604162	,284	,1.0659,	0.0000,	0.2067
2024-04-17 12:49:40.615929	,285	,1.1202,	0.0000,	0.1733
2024-04-17 12:49:40.624567	,286	,1.1167,	0.0000,	0.2100
2024-04-17 12:49:40.632586	,287	,1.2698,	0.0000,	0.2133
2024-04-17 12:49:40.643692	,288	,1.1719,	0.0000,	0.1867
2024-04-17 12:49:40.653329	,289	,1.1055,	0.0000,	0.2100
2024-04-17 12:49:40.665007	,290	,1.0839,	0.0000,	0.2100
2024-04-17 12:49:40.677002	,291	,1.1981,	0.0000,	0.2533
2024-04-17 12:49:40.687599	,292	,1.0865,	0.0000,	0.2500
2024-04-17 12:49:40.698257	,293	,1.1176,	0.0000,	0.2567
2024-04-17 12:49:40.707827	,294	,1.1319,	0.0000,	0.2167
2024-04-17 12:49:40.714834	,295	,1.0344,	0.0000,	0.2367
2024-04-17 12:49:40.721921	,296	,1.1010,	0.0000,	0.2100
2024-04-17 12:49:40.731033	,297	,1.1549,	0.0000,	0.2433
2024-04-17 12:49:40.737036	,298	,1.1432,	0.0000,	0.1833
2024-04-17 12:49:40.748166	,299	,1.2055,	0.0000,	0.2167
2024-04-17 12:49:40.922627	,300	,1.0780,	0.0000,	0.2033
2024-04-17 12:49:40.932646	,301	,1.0392,	0.0000,	0.2333
2024-04-17 12:49:40.941659	,302	,1.1254,	0.0000,	0.2400
2024-04-17 12:49:40.950670	,303	,1.1448,	0.0000,	0.1800
2024-04-17 12:49:40.958177	,304	,1.0480,	0.0000,	0.2333
2024-04-17 12:49:40.965684	,305	,1.1368,	0.0000,	0.2433
2024-04-17 12:49:40.975698	,306	,1.0500,	0.0000,	0.2267
2024-04-17 12:49:40.988558	,307	,1.0985,	0.0000,	0.2500
2024-04-17 12:49:41.000650	,308	,1.0667,	0.0000,	0.2133
2024-04-17 12:49:41.008666	,309	,1.0689,	0.0000,	0.2200
2024-04-17 12:49:41.017172	,310	,1.1472,	0.0000,	0.2300
2024-04-17 12:49:41.027190	,311	,1.1080,	0.0000,	0.2233
2024-04-17 12:49:41.036223	,312	,1.1502,	0.0000,	0.1967
2024-04-17 12:49:41.043798	,313	,1.1405,	0.0000,	0.2000
2024-04-17 12:49:41.050818	,314	,1.0651,	0.0000,	0.2067
2024-04-17 12:49:41.057874	,315	,1.1508,	0.0000,	0.1733
2024-04-17 12:49:41.065044	,316	,1.1245,	0.0000,	0.2100
2024-04-17 12:49:41.071070	,317	,1.0383,	0.0000,	0.2133
2024-04-17 12:49:41.082101	,318	,1.1596,	0.0000,	0.1867
2024-04-17 12:49:41.091111	,319	,1.1292,	0.0000,	0.2100
2024-04-17 12:49:41.098117	,320	,1.1427,	0.0000,	0.2100
2024-04-17 12:49:41.104633	,321	,1.2318,	0.0000,	0.2533
2024-04-17 12:49:41.112746	,322	,1.1561,	0.0000,	0.2500
2024-04-17 12:49:41.119770	,323	,1.1088,	0.0000,	0.2567
2024-04-17 12:49:41.129942	,324	,1.1443,	0.0000,	0.2167
2024-04-17 12:49:41.138520	,325	,1.2338,	0.0000,	0.2367
2024-04-17 12:49:41.148039	,326	,1.1466,	0.0000,	0.2100
2024-04-17 12:49:41.155216	,327	,1.2730,	0.0000,	0.2433
2024-04-17 12:49:41.166242	,328	,1.1748,	0.0000,	0.1833
2024-04-17 12:49:41.176964	,329	,1.1141,	0.0000,	0.2167
2024-04-17 12:49:41.345507	,330	,1.1883,	0.0000,	0.2033
2024-04-17 12:49:41.354938	,331	,1.1202,	0.0000,	0.2333
2024-04-17 12:49:41.366137	,332	,1.1593,	0.0000,	0.2400
2024-04-17 12:49:41.374146	,333	,1.2260,	0.0000,	0.1800
2024-04-17 12:49:41.381158	,334	,1.1127,	0.0000,	0.2333
2024-04-17 12:49:41.388163	,335	,1.0761,	0.0000,	0.2433
2024-04-17 12:49:41.398682	,336	,1.1066,	0.0000,	0.2267
2024-04-17 12:49:41.408719	,337	,1.1159,	0.0000,	0.2500
2024-04-17 12:49:41.421772	,338	,1.1745,	0.0000,	0.2133
2024-04-17 12:49:41.431812	,339	,1.0843,	0.0000,	0.2200
2024-04-17 12:49:41.438829	,340	,1.0422,	0.0000,	0.2300
2024-04-17 12:49:41.445831	,341	,1.0793,	0.0000,	0.2233
2024-04-17 12:49:41.459011	,342	,1.0833,	0.0000,	0.1967
2024-04-17 12:49:41.467170	,343	,1.2101,	0.0000,	0.2000
2024-04-17 12:49:41.473790	,344	,1.1015,	0.0000,	0.2067
2024-04-17 12:49:41.481813	,345	,1.0932,	0.0000,	0.1733
2024-04-17 12:49:41.487830	,346	,1.1467,	0.0000,	0.2100
2024-04-17 12:49:41.494371	,347	,1.1716,	0.0000,	0.2133
2024-04-17 12:49:41.504893	,348	,1.0782,	0.0000,	0.1867
2024-04-17 12:49:41.513614	,349	,1.1858,	0.0000,	0.2100
2024-04-17 12:49:41.520275	,350	,1.0856,	0.0000,	0.2100
2024-04-17 12:49:41.529787	,351	,1.1030,	0.0000,	0.2533
2024-04-17 12:49:41.535785	,352	,1.1763,	0.0000,	0.2500
2024-04-17 12:49:41.542823	,353	,1.0778,	0.0000,	0.2567
2024-04-17 12:49:41.550036	,354	,1.1186,	0.0000,	0.2167
2024-04-17 12:49:41.556035	,355	,1.0884,	0.0000,	0.2367
2024-04-17 12:49:41.565111	,356	,1.1085,	0.0000,	0.2100
2024-04-17 12:49:41.570159	,357	,1.0350,	0.0000,	0.2433
2024-04-17 12:49:41.580743	,358	,1.1147,	0.0000,	0.1833
2024-04-17 12:49:41.590791	,359	,1.0941,	0.0000,	0.2167
2024-04-17 12:49:41.765794	,360	,1.1156,	0.0000,	0.2033
2024-04-17 12:49:41.777917	,361	,1.1069,	0.0000,	0.2333
2024-04-17 12:49:41.783922	,362	,1.0989,	0.0000,	0.2400
2024-04-17 12:49:41.794585	,363	,1.1389,	0.0000,	0.1800
2024-04-17 12:49:41.804151	,364	,1.1322,	0.0000,	0.2333
2024-04-17 12:49:41.812230	,365	,1.2289,	0.0000,	0.2433
2024-04-17 12:49:41.820035	,366	,1.0968,	0.0000,	0.2267
2024-04-17 12:49:41.827755	,367	,1.1498,	0.0000,	0.2500
2024-04-17 12:49:41.834912	,368	,1.0940,	0.0000,	0.2133
2024-04-17 12:49:41.842843	,369	,1.0949,	0.0000,	0.2200
2024-04-17 12:49:41.849853	,370	,1.1438,	0.0000,	0.2300
2024-04-17 12:49:41.859134	,371	,1.1521,	0.0000,	0.2233
2024-04-17 12:49:41.867836	,372	,1.1149,	0.0000,	0.1967
2024-04-17 12:49:41.875968	,373	,1.2134,	0.0000,	0.2000
2024-04-17 12:49:41.883988	,374	,1.1369,	0.0000,	0.2067
2024-04-17 12:49:41.891003	,375	,1.1116,	0.0000,	0.1733
2024-04-17 12:49:41.898010	,376	,1.1657,	0.0000,	0.2100
2024-04-17 12:49:41.908111	,377	,1.1309,	0.0000,	0.2133
2024-04-17 12:49:41.919654	,378	,1.0874,	0.0000,	0.1867
2024-04-17 12:49:41.927576	,379	,1.1729,	0.0000,	0.2100
2024-04-17 12:49:41.936037	,380	,1.1508,	0.0000,	0.2100
2024-04-17 12:49:41.944515	,381	,1.1260,	0.0000,	0.2533
2024-04-17 12:49:41.953299	,382	,1.1060,	0.0000,	0.2500
2024-04-17 12:49:41.961679	,383	,1.1353,	0.0000,	0.2567
2024-04-17 12:49:41.971211	,384	,1.0837,	0.0000,	0.2167
2024-04-17 12:49:41.980525	,385	,1.1229,	0.0000,	0.2367
2024-04-17 12:49:41.990894	,386	,1.0872,	0.0000,	0.2100
2024-04-17 12:49:41.999237	,387	,1.1631,	0.0000,	0.2433
2024-04-17 12:49:42.006244	,388	,1.0887,	0.0000,	0.1833
2024-04-17 12:49:42.014016	,389	,0.9504,	0.0000,	0.2167
2024-04-17 12:49:42.193804	,390	,1.1453,	0.0000,	0.2033
2024-04-17 12:49:42.204335	,391	,1.1743,	0.0000,	0.2333
2024-04-17 12:49:42.213842	,392	,1.2443,	0.0000,	0.2400
2024-04-17 12:49:42.221511	,393	,1.1420,	0.0000,	0.1800
2024-04-17 12:49:42.230212	,394	,1.0948,	0.0000,	0.2333
2024-04-17 12:49:42.238223	,395	,1.1085,	0.0000,	0.2433
2024-04-17 12:49:42.247751	,396	,1.0248,	0.0000,	0.2267
2024-04-17 12:49:42.254761	,397	,1.0837,	0.0000,	0.2500
2024-04-17 12:49:42.263791	,398	,1.0746,	0.0000,	0.2133
2024-04-17 12:49:42.270807	,399	,1.1024,	0.0000,	0.2200
2024-04-17 12:49:42.278925	,400	,1.1736,	0.0000,	0.2300
2024-04-17 12:49:42.285335	,401	,1.1384,	0.0000,	0.2233
2024-04-17 12:49:42.294352	,402	,1.1520,	0.0000,	0.1967
2024-04-17 12:49:42.300525	,403	,1.0298,	0.0000,	0.2000
2024-04-17 12:49:42.307032	,404	,1.1015,	0.0000,	0.2067
2024-04-17 12:49:42.314551	,405	,1.1387,	0.0000,	0.1733
2024-04-17 12:49:42.323726	,406	,1.1623,	0.0000,	0.2100
2024-04-17 12:49:42.331281	,407	,1.0588,	0.0000,	0.2133
2024-04-17 12:49:42.339544	,408	,1.0705,	0.0000,	0.1867
2024-04-17 12:49:42.351568	,409	,1.1286,	0.0000,	0.2100
2024-04-17 12:49:42.360596	,410	,1.1215,	0.0000,	0.2100
2024-04-17 12:49:42.369108	,411	,1.1078,	0.0000,	0.2533
2024-04-17 12:49:42.377131	,412	,1.0529,	0.0000,	0.2500
2024-04-17 12:49:42.383660	,413	,1.2153,	0.0000,	0.2567
2024-04-17 12:49:42.390730	,414	,1.0073,	0.0000,	0.2167
2024-04-17 12:49:42.398790	,415	,1.1734,	0.0000,	0.2367
2024-04-17 12:49:42.405308	,416	,1.1035,	0.0000,	0.2100
2024-04-17 12:49:42.412908	,417	,1.1424,	0.0000,	0.2433
2024-04-17 12:49:42.420929	,418	,1.1450,	0.0000,	0.1833
2024-04-17 12:49:42.430159	,419	,1.0365,	0.0000,	0.2167
2024-04-17 12:49:42.602461	,420	,1.1791,	0.0000,	0.2033
2024-04-17 12:49:42.615476	,421	,1.1677,	0.0000,	0.2333
2024-04-17 12:49:42.622994	,422	,1.1253,	0.0000,	0.2400
2024-04-17 12:49:42.632006	,423	,1.1548,	0.0000,	0.1800
2024-04-17 12:49:42.639391	,424	,1.1682,	0.0000,	0.2333
2024-04-17 12:49:42.647903	,425	,1.0638,	0.0000,	0.2433
2024-04-17 12:49:42.659229	,426	,1.1612,	0.0000,	0.2267
2024-04-17 12:49:42.670428	,427	,1.1069,	0.0000,	0.2500
2024-04-17 12:49:42.681452	,428	,1.0289,	0.0000,	0.2133
2024-04-17 12:49:42.691552	,429	,1.0331,	0.0000,	0.2200
2024-04-17 12:49:42.701646	,430	,1.1669,	0.0000,	0.2300
2024-04-17 12:49:42.708159	,431	,1.1443,	0.0000,	0.2233
2024-04-17 12:49:42.715666	,432	,1.1599,	0.0000,	0.1967
2024-04-17 12:49:42.722677	,433	,1.0758,	0.0000,	0.2000
2024-04-17 12:49:42.731749	,434	,1.1164,	0.0000,	0.2067
2024-04-17 12:49:42.737757	,435	,1.1346,	0.0000,	0.1733
2024-04-17 12:49:42.748849	,436	,1.0957,	0.0000,	0.2100
2024-04-17 12:49:42.754852	,437	,0.9558,	0.0000,	0.2133
2024-04-17 12:49:42.770818	,438	,1.2220,	0.0000,	0.1867
2024-04-17 12:49:42.782583	,439	,1.1179,	0.0000,	0.2100
2024-04-17 12:49:42.790479	,440	,1.1072,	0.0000,	0.2100
2024-04-17 12:49:42.797993	,441	,1.0951,	0.0000,	0.2533
2024-04-17 12:49:42.804862	,442	,1.1153,	0.0000,	0.2500
2024-04-17 12:49:42.814208	,443	,1.2941,	0.0000,	0.2567
2024-04-17 12:49:42.823219	,444	,1.0741,	0.0000,	0.2167
2024-04-17 12:49:42.832705	,445	,1.0641,	0.0000,	0.2367
2024-04-17 12:49:42.843237	,446	,1.0685,	0.0000,	0.2100
2024-04-17 12:49:42.851210	,447	,1.1016,	0.0000,	0.2433
2024-04-17 12:49:42.864226	,448	,1.1745,	0.0000,	0.1833
2024-04-17 12:49:42.872238	,449	,1.1116,	0.0000,	0.2167
2024-04-17 12:49:43.072333	,450	,1.1147,	0.0000,	0.2033
2024-04-17 12:49:43.083851	,451	,1.1576,	0.0000,	0.2333
2024-04-17 12:49:43.091158	,452	,1.1435,	0.0000,	0.2400
2024-04-17 12:49:43.102857	,453	,1.1164,	0.0000,	0.1800
2024-04-17 12:49:43.114881	,454	,1.0679,	0.0000,	0.2333
2024-04-17 12:49:43.121894	,455	,1.1221,	0.0000,	0.2433
2024-04-17 12:49:43.135905	,456	,1.1424,	0.0000,	0.2267
2024-04-17 12:49:43.145945	,457	,1.0753,	0.0000,	0.2500
2024-04-17 12:49:43.154964	,458	,1.1472,	0.0000,	0.2133
2024-04-17 12:49:43.165982	,459	,1.1389,	0.0000,	0.2200
2024-04-17 12:49:43.180313	,460	,1.1393,	0.0000,	0.2300
2024-04-17 12:49:43.187827	,461	,1.0398,	0.0000,	0.2233
2024-04-17 12:49:43.198852	,462	,1.1137,	0.0000,	0.1967
2024-04-17 12:49:43.204904	,463	,1.1889,	0.0000,	0.2000
2024-04-17 12:49:43.212774	,464	,1.0968,	0.0000,	0.2067
2024-04-17 12:49:43.223329	,465	,1.1431,	0.0000,	0.1733
2024-04-17 12:49:43.237342	,466	,1.1414,	0.0000,	0.2100
2024-04-17 12:49:43.247855	,467	,1.1701,	0.0000,	0.2133
2024-04-17 12:49:43.260080	,468	,1.1244,	0.0000,	0.1867
2024-04-17 12:49:43.268089	,469	,1.1848,	0.0000,	0.2100
2024-04-17 12:49:43.275095	,470	,1.0651,	0.0000,	0.2100
2024-04-17 12:49:43.287316	,471	,1.0919,	0.0000,	0.2533
2024-04-17 12:49:43.295373	,472	,1.1294,	0.0000,	0.2500
2024-04-17 12:49:43.300994	,473	,1.1083,	0.0000,	0.2567
2024-04-17 12:49:43.314215	,474	,1.1214,	0.0000,	0.2167
2024-04-17 12:49:43.321964	,475	,1.2041,	0.0000,	0.2367
2024-04-17 12:49:43.333502	,476	,1.1020,	0.0000,	0.2100
2024-04-17 12:49:43.339533	,477	,1.0900,	0.0000,	0.2433
2024-04-17 12:49:43.351004	,478	,1.0984,	0.0000,	0.1833
2024-04-17 12:49:43.357003	,479	,1.1249,	0.0000,	0.2167
2024-04-17 12:49:43.525463	,480	,1.0682,	0.0000,	0.2033
2024-04-17 12:49:43.534338	,481	,1.0265,	0.0000,	0.2333
2024-04-17 12:49:43.542697	,482	,1.1364,	0.0000,	0.2400
2024-04-17 12:49:43.549708	,483	,1.2015,	0.0000,	0.1800
2024-04-17 12:49:43.557743	,484	,1.0697,	0.0000,	0.2333
2024-04-17 12:49:43.564750	,485	,1.0838,	0.0000,	0.2433
2024-04-17 12:49:43.575770	,486	,1.0309,	0.0000,	0.2267
2024-04-17 12:49:43.587291	,487	,1.0909,	0.0000,	0.2500
2024-04-17 12:49:43.594809	,488	,1.0866,	0.0000,	0.2133
2024-04-17 12:49:43.602491	,489	,1.1780,	0.0000,	0.2200
2024-04-17 12:49:43.612048	,490	,1.0825,	0.0000,	0.2300
2024-04-17 12:49:43.619132	,491	,1.1605,	0.0000,	0.2233
2024-04-17 12:49:43.628152	,492	,1.0752,	0.0000,	0.1967
2024-04-17 12:49:43.634658	,493	,1.0175,	0.0000,	0.2000
2024-04-17 12:49:43.642257	,494	,1.1462,	0.0000,	0.2067
2024-04-17 12:49:43.649893	,495	,1.0829,	0.0000,	0.1733
2024-04-17 12:49:43.655892	,496	,1.1318,	0.0000,	0.2100
2024-04-17 12:49:43.666199	,497	,1.0580,	0.0000,	0.2133
2024-04-17 12:49:43.677753	,498	,1.1177,	0.0000,	0.1867
2024-04-17 12:49:43.685342	,499	,1.1151,	0.0000,	0.2100
2024-04-17 12:49:43.693556	,500	,1.0714,	0.0000,	0.2100
2024-04-17 12:49:43.701659	,501	,1.1036,	0.0000,	0.2533
2024-04-17 12:49:43.709383	,502	,1.1653,	0.0000,	0.2500
2024-04-17 12:49:43.715427	,503	,1.0768,	0.0000,	0.2567
2024-04-17 12:49:43.728209	,504	,1.1742,	0.0000,	0.2167
2024-04-17 12:49:43.738228	,505	,1.0797,	0.0000,	0.2367
2024-04-17 12:49:43.745301	,506	,1.1002,	0.0000,	0.2100
2024-04-17 12:49:43.754196	,507	,1.0980,	0.0000,	0.2433
2024-04-17 12:49:43.764733	,508	,1.0909,	0.0000,	0.1833
2024-04-17 12:49:43.772741	,509	,1.2221,	0.0000,	0.2167
2024-04-17 12:49:43.936191	,510	,1.0337,	0.0000,	0.2033
2024-04-17 12:49:43.945530	,511	,1.1164,	0.0000,	0.2333
2024-04-17 12:49:43.955541	,512	,1.1379,	0.0000,	0.2400
2024-04-17 12:49:43.965196	,513	,1.1535,	0.0000,	0.1800
2024-04-17 12:49:43.972754	,514	,0.9780,	0.0000,	0.2333
2024-04-17 12:49:43.981308	,515	,1.1195,	0.0000,	0.2433
2024-04-17 12:49:43.994343	,516	,1.2012,	0.0000,	0.2267
2024-04-17 12:49:44.001850	,517	,1.1432,	0.0000,	0.2500
2024-04-17 12:49:44.009374	,518	,1.1189,	0.0000,	0.2133
2024-04-17 12:49:44.016875	,519	,1.1370,	0.0000,	0.2200
2024-04-17 12:49:44.024384	,520	,1.1796,	0.0000,	0.2300
2024-04-17 12:49:44.032406	,521	,1.1342,	0.0000,	0.2233
2024-04-17 12:49:44.042428	,522	,1.1842,	0.0000,	0.1967
2024-04-17 12:49:44.054377	,523	,1.1327,	0.0000,	0.2000
2024-04-17 12:49:44.063756	,524	,1.1304,	0.0000,	0.2067
2024-04-17 12:49:44.073589	,525	,1.0850,	0.0000,	0.1733
2024-04-17 12:49:44.082141	,526	,1.1106,	0.0000,	0.2100
2024-04-17 12:49:44.093937	,527	,1.1043,	0.0000,	0.2133
2024-04-17 12:49:44.104935	,528	,1.1226,	0.0000,	0.1867
2024-04-17 12:49:44.113286	,529	,1.1301,	0.0000,	0.2100
2024-04-17 12:49:44.120824	,530	,1.1012,	0.0000,	0.2100
2024-04-17 12:49:44.128837	,531	,1.0706,	0.0000,	0.2533
2024-04-17 12:49:44.136980	,532	,1.0838,	0.0000,	0.2500
2024-04-17 12:49:44.144002	,533	,1.1014,	0.0000,	0.2567
2024-04-17 12:49:44.156032	,534	,0.9887,	0.0000,	0.2167
2024-04-17 12:49:44.166056	,535	,1.1960,	0.0000,	0.2367
2024-04-17 12:49:44.175074	,536	,1.0897,	0.0000,	0.2100
2024-04-17 12:49:44.182196	,537	,1.1219,	0.0000,	0.2433
2024-04-17 12:49:44.189210	,538	,1.1701,	0.0000,	0.1833
2024-04-17 12:49:44.198580	,539	,1.1071,	0.0000,	0.2167
2024-04-17 12:49:44.366093	,540	,1.0156,	0.0000,	0.2033
2024-04-17 12:49:44.376108	,541	,1.0676,	0.0000,	0.2333
2024-04-17 12:49:44.386061	,542	,1.0516,	0.0000,	0.2400
2024-04-17 12:49:44.394228	,543	,1.0926,	0.0000,	0.1800
2024-04-17 12:49:44.403851	,544	,1.0638,	0.0000,	0.2333
2024-04-17 12:49:44.411302	,545	,1.1235,	0.0000,	0.2433
2024-04-17 12:49:44.422837	,546	,1.0701,	0.0000,	0.2267
2024-04-17 12:49:44.433172	,547	,1.1168,	0.0000,	0.2500
2024-04-17 12:49:44.442793	,548	,1.0515,	0.0000,	0.2133
2024-04-17 12:49:44.453810	,549	,1.1675,	0.0000,	0.2200
2024-04-17 12:49:44.461866	,550	,1.0801,	0.0000,	0.2300
2024-04-17 12:49:44.471376	,551	,1.0879,	0.0000,	0.2233
2024-04-17 12:49:44.484397	,552	,1.1110,	0.0000,	0.1967
2024-04-17 12:49:44.494412	,553	,1.0968,	0.0000,	0.2000
2024-04-17 12:49:44.500584	,554	,1.0268,	0.0000,	0.2067
2024-04-17 12:49:44.507143	,555	,1.0793,	0.0000,	0.1733
2024-04-17 12:49:44.517203	,556	,1.1825,	0.0000,	0.2100
2024-04-17 12:49:44.527103	,557	,1.1747,	0.0000,	0.2133
2024-04-17 12:49:44.537570	,558	,1.1316,	0.0000,	0.1867
2024-04-17 12:49:44.547085	,559	,1.0822,	0.0000,	0.2100
2024-04-17 12:49:44.554096	,560	,1.1118,	0.0000,	0.2100
2024-04-17 12:49:44.561200	,561	,1.2020,	0.0000,	0.2533
2024-04-17 12:49:44.568206	,562	,1.0721,	0.0000,	0.2500
2024-04-17 12:49:44.573209	,563	,1.2318,	0.0000,	0.2567
2024-04-17 12:49:44.582530	,564	,1.0703,	0.0000,	0.2167
2024-04-17 12:49:44.588544	,565	,1.1282,	0.0000,	0.2367
2024-04-17 12:49:44.595549	,566	,1.1037,	0.0000,	0.2100
2024-04-17 12:49:44.606100	,567	,1.0728,	0.0000,	0.2433
2024-04-17 12:49:44.614761	,568	,1.0818,	0.0000,	0.1833
2024-04-17 12:49:44.621296	,569	,1.0650,	0.0000,	0.2167
2024-04-17 12:49:44.798217	,570	,1.1094,	0.0000,	0.2033
2024-04-17 12:49:44.806135	,571	,1.0792,	0.0000,	0.2333
2024-04-17 12:49:44.814774	,572	,1.0961,	0.0000,	0.2400
2024-04-17 12:49:44.822341	,573	,1.2026,	0.0000,	0.1800
2024-04-17 12:49:44.830364	,574	,1.1538,	0.0000,	0.2333
2024-04-17 12:49:44.836865	,575	,1.1481,	0.0000,	0.2433
2024-04-17 12:49:44.845373	,576	,1.1186,	0.0000,	0.2267
2024-04-17 12:49:44.855500	,577	,1.1265,	0.0000,	0.2500
2024-04-17 12:49:44.863518	,578	,1.0139,	0.0000,	0.2133
2024-04-17 12:49:44.874060	,579	,1.0788,	0.0000,	0.2200
2024-04-17 12:49:44.883171	,580	,1.0880,	0.0000,	0.2300
2024-04-17 12:49:44.890185	,581	,1.1002,	0.0000,	0.2233
2024-04-17 12:49:44.900738	,582	,1.0622,	0.0000,	0.1967
2024-04-17 12:49:44.910759	,583	,1.1328,	0.0000,	0.2000
2024-04-17 12:49:44.918774	,584	,1.2034,	0.0000,	0.2067
2024-04-17 12:49:44.928805	,585	,1.1530,	0.0000,	0.1733
2024-04-17 12:49:44.935356	,586	,1.0715,	0.0000,	0.2100
2024-04-17 12:49:44.941388	,587	,1.2198,	0.0000,	0.2133
2024-04-17 12:49:44.952484	,588	,1.1664,	0.0000,	0.1867
2024-04-17 12:49:44.962116	,589	,1.1175,	0.0000,	0.2100
2024-04-17 12:49:44.970033	,590	,1.0732,	0.0000,	0.2100
2024-04-17 12:49:44.980238	,591	,1.0420,	0.0000,	0.2533
2024-04-17 12:49:44.987740	,592	,1.1469,	0.0000,	0.2500
2024-04-17 12:49:44.993752	,593	,1.0821,	0.0000,	0.2567
2024-04-17 12:49:45.003276	,594	,1.1451,	0.0000,	0.2167
2024-04-17 12:49:45.009978	,595	,1.1967,	0.0000,	0.2367
2024-04-17 12:49:45.016973	,596	,1.0927,	0.0000,	0.2100
2024-04-17 12:49:45.022984	,597	,1.0303,	0.0000,	0.2433
2024-04-17 12:49:45.029543	,598	,1.1420,	0.0000,	0.1833
2024-04-17 12:49:45.035500	,599	,0.9890,	0.0000,	0.2167
2024-04-17 12:49:45.213342	,600	,1.1453,	0.0000,	0.2033
2024-04-17 12:49:45.220353	,601	,1.1166,	0.0000,	0.2333
2024-04-17 12:49:45.230901	,602	,1.1395,	0.0000,	0.2400
2024-04-17 12:49:45.241422	,603	,1.1680,	0.0000,	0.1800
2024-04-17 12:49:45.254525	,604	,1.1207,	0.0000,	0.2333
2024-04-17 12:49:45.264055	,605	,1.2282,	0.0000,	0.2433
2024-04-17 12:49:45.272580	,606	,1.1307,	0.0000,	0.2267
2024-04-17 12:49:45.283097	,607	,1.1123,	0.0000,	0.2500
2024-04-17 12:49:45.292941	,608	,1.0989,	0.0000,	0.2133
2024-04-17 12:49:45.303468	,609	,1.1293,	0.0000,	0.2200
2024-04-17 12:49:45.314201	,610	,1.0907,	0.0000,	0.2300
2024-04-17 12:49:45.320211	,611	,1.0603,	0.0000,	0.2233
2024-04-17 12:49:45.332443	,612	,1.0747,	0.0000,	0.1967
2024-04-17 12:49:45.345983	,613	,1.1172,	0.0000,	0.2000
2024-04-17 12:49:45.354005	,614	,1.1306,	0.0000,	0.2067
2024-04-17 12:49:45.365807	,615	,1.1693,	0.0000,	0.1733
2024-04-17 12:49:45.371945	,616	,1.1105,	0.0000,	0.2100
2024-04-17 12:49:45.382962	,617	,1.2169,	0.0000,	0.2133
2024-04-17 12:49:45.395078	,618	,1.0788,	0.0000,	0.1867
2024-04-17 12:49:45.403105	,619	,1.0749,	0.0000,	0.2100
2024-04-17 12:49:45.414831	,620	,1.1348,	0.0000,	0.2100
2024-04-17 12:49:45.421036	,621	,1.0954,	0.0000,	0.2533
2024-04-17 12:49:45.430951	,622	,1.1505,	0.0000,	0.2500
2024-04-17 12:49:45.437456	,623	,1.3015,	0.0000,	0.2567
2024-04-17 12:49:45.448524	,624	,1.0918,	0.0000,	0.2167
2024-04-17 12:49:45.456055	,625	,1.1717,	0.0000,	0.2367
2024-04-17 12:49:45.464591	,626	,1.1430,	0.0000,	0.2100
2024-04-17 12:49:45.470621	,627	,1.1000,	0.0000,	0.2433
2024-04-17 12:49:45.481863	,628	,1.1223,	0.0000,	0.1833
2024-04-17 12:49:45.487870	,629	,1.0565,	0.0000,	0.2167
2024-04-17 12:49:45.685465	,630	,1.0297,	0.0000,	0.2033
2024-04-17 12:49:45.699067	,631	,1.1068,	0.0000,	0.2333
2024-04-17 12:49:45.710642	,632	,1.1586,	0.0000,	0.2400
2024-04-17 12:49:45.719655	,633	,1.2578,	0.0000,	0.1800
2024-04-17 12:49:45.731871	,634	,0.9865,	0.0000,	0.2333
2024-04-17 12:49:45.739021	,635	,1.0483,	0.0000,	0.2433
2024-04-17 12:49:45.749893	,636	,1.2017,	0.0000,	0.2267
2024-04-17 12:49:45.757395	,637	,1.2494,	0.0000,	0.2500
2024-04-17 12:49:45.767982	,638	,1.1409,	0.0000,	0.2133
2024-04-17 12:49:45.775987	,639	,1.0856,	0.0000,	0.2200
2024-04-17 12:49:45.788046	,640	,1.2300,	0.0000,	0.2300
2024-04-17 12:49:45.794563	,641	,1.2408,	0.0000,	0.2233
2024-04-17 12:49:45.803247	,642	,1.1705,	0.0000,	0.1967
2024-04-17 12:49:45.812771	,643	,1.0512,	0.0000,	0.2000
2024-04-17 12:49:45.819425	,644	,1.1057,	0.0000,	0.2067
2024-04-17 12:49:45.830954	,645	,1.0895,	0.0000,	0.1733
2024-04-17 12:49:45.837995	,646	,1.1504,	0.0000,	0.2100
2024-04-17 12:49:45.847798	,647	,1.1548,	0.0000,	0.2133
2024-04-17 12:49:45.857787	,648	,1.1773,	0.0000,	0.1867
2024-04-17 12:49:45.870813	,649	,1.0716,	0.0000,	0.2100
2024-04-17 12:49:45.880843	,650	,1.1284,	0.0000,	0.2100
2024-04-17 12:49:45.887850	,651	,1.1471,	0.0000,	0.2533
2024-04-17 12:49:45.900838	,652	,1.1062,	0.0000,	0.2500
2024-04-17 12:49:45.909377	,653	,1.1710,	0.0000,	0.2567
2024-04-17 12:49:45.921079	,654	,1.0381,	0.0000,	0.2167
2024-04-17 12:49:45.931231	,655	,1.1727,	0.0000,	0.2367
2024-04-17 12:49:45.938239	,656	,1.0738,	0.0000,	0.2100
2024-04-17 12:49:45.948938	,657	,1.1134,	0.0000,	0.2433
2024-04-17 12:49:45.957955	,658	,1.1060,	0.0000,	0.1833
2024-04-17 12:49:45.970000	,659	,1.1209,	0.0000,	0.2167
2024-04-17 12:49:46.158660	,660	,1.1115,	0.0000,	0.2033
2024-04-17 12:49:46.168173	,661	,1.0707,	0.0000,	0.2333
2024-04-17 12:49:46.177794	,662	,1.0748,	0.0000,	0.2400
2024-04-17 12:49:46.186208	,663	,1.1246,	0.0000,	0.1800
2024-04-17 12:49:46.194577	,664	,1.1262,	0.0000,	0.2333
2024-04-17 12:49:46.205419	,665	,1.1345,	0.0000,	0.2433
2024-04-17 12:49:46.216884	,666	,1.1283,	0.0000,	0.2267
2024-04-17 12:49:46.225926	,667	,1.1141,	0.0000,	0.2500
2024-04-17 12:49:46.233799	,668	,1.1132,	0.0000,	0.2133
2024-04-17 12:49:46.241828	,669	,1.0189,	0.0000,	0.2200
2024-04-17 12:49:46.251151	,670	,1.0777,	0.0000,	0.2300
2024-04-17 12:49:46.260210	,671	,1.1226,	0.0000,	0.2233
2024-04-17 12:49:46.268213	,672	,1.1187,	0.0000,	0.1967
2024-04-17 12:49:46.275725	,673	,1.2286,	0.0000,	0.2000
2024-04-17 12:49:46.283256	,674	,1.0920,	0.0000,	0.2067
2024-04-17 12:49:46.288813	,675	,1.1657,	0.0000,	0.1733
2024-04-17 12:49:46.295816	,676	,1.0808,	0.0000,	0.2100
2024-04-17 12:49:46.301835	,677	,1.1223,	0.0000,	0.2133
2024-04-17 12:49:46.313127	,678	,0.9802,	0.0000,	0.1867
2024-04-17 12:49:46.320143	,679	,1.0451,	0.0000,	0.2100
2024-04-17 12:49:46.330363	,680	,1.1396,	0.0000,	0.2100
2024-04-17 12:49:46.338887	,681	,1.2009,	0.0000,	0.2533
2024-04-17 12:49:46.347893	,682	,1.0712,	0.0000,	0.2500
2024-04-17 12:49:46.356903	,683	,1.1426,	0.0000,	0.2567
2024-04-17 12:49:46.365592	,684	,1.1206,	0.0000,	0.2167
2024-04-17 12:49:46.372186	,685	,1.1038,	0.0000,	0.2367
2024-04-17 12:49:46.379816	,686	,1.1181,	0.0000,	0.2100
2024-04-17 12:49:46.385815	,687	,1.1750,	0.0000,	0.2433
2024-04-17 12:49:46.393921	,688	,1.0590,	0.0000,	0.1833
2024-04-17 12:49:46.401033	,689	,1.2189,	0.0000,	0.2167
2024-04-17 12:49:46.573215	,690	,1.1699,	0.0000,	0.2033
2024-04-17 12:49:46.581820	,691	,1.1203,	0.0000,	0.2333
2024-04-17 12:49:46.591764	,692	,1.0987,	0.0000,	0.2400
2024-04-17 12:49:46.600784	,693	,1.1492,	0.0000,	0.1800
2024-04-17 12:49:46.609319	,694	,1.0774,	0.0000,	0.2333
2024-04-17 12:49:46.616819	,695	,1.0823,	0.0000,	0.2433
2024-04-17 12:49:46.628970	,696	,1.0949,	0.0000,	0.2267
2024-04-17 12:49:46.635974	,697	,1.0811,	0.0000,	0.2500
2024-04-17 12:49:46.643897	,698	,1.1700,	0.0000,	0.2133
2024-04-17 12:49:46.651130	,699	,1.1210,	0.0000,	0.2200
2024-04-17 12:49:46.662155	,700	,1.1200,	0.0000,	0.2300
2024-04-17 12:49:46.669265	,701	,1.0931,	0.0000,	0.2233
2024-04-17 12:49:46.679778	,702	,1.0385,	0.0000,	0.1967
2024-04-17 12:49:46.687284	,703	,1.0475,	0.0000,	0.2000
2024-04-17 12:49:46.695575	,704	,1.1821,	0.0000,	0.2067
2024-04-17 12:49:46.701605	,705	,1.1699,	0.0000,	0.1733
2024-04-17 12:49:46.709864	,706	,1.1433,	0.0000,	0.2100
2024-04-17 12:49:46.718973	,707	,1.1277,	0.0000,	0.2133
2024-04-17 12:49:46.730435	,708	,1.1188,	0.0000,	0.1867
2024-04-17 12:49:46.740530	,709	,1.1224,	0.0000,	0.2100
2024-04-17 12:49:46.749544	,710	,1.0892,	0.0000,	0.2100
2024-04-17 12:49:46.760566	,711	,1.1069,	0.0000,	0.2533
2024-04-17 12:49:46.773136	,712	,1.1354,	0.0000,	0.2500
2024-04-17 12:49:46.779708	,713	,1.0703,	0.0000,	0.2567
2024-04-17 12:49:46.790298	,714	,1.0733,	0.0000,	0.2167
2024-04-17 12:49:46.798865	,715	,1.1488,	0.0000,	0.2367
2024-04-17 12:49:46.809718	,716	,1.2226,	0.0000,	0.2100
2024-04-17 12:49:46.817226	,717	,1.1639,	0.0000,	0.2433
2024-04-17 12:49:46.822552	,718	,1.0132,	0.0000,	0.1833
2024-04-17 12:49:46.832102	,719	,1.0538,	0.0000,	0.2167
2024-04-17 12:49:47.067230	,720	,1.1395,	0.0000,	0.2033
2024-04-17 12:49:47.078887	,721	,1.1492,	0.0000,	0.2333
2024-04-17 12:49:47.090779	,722	,1.1119,	0.0000,	0.2400
2024-04-17 12:49:47.098899	,723	,1.1778,	0.0000,	0.1800
2024-04-17 12:49:47.109430	,724	,1.0655,	0.0000,	0.2333
2024-04-17 12:49:47.119439	,725	,1.1013,	0.0000,	0.2433
2024-04-17 12:49:47.130617	,726	,1.0949,	0.0000,	0.2267
2024-04-17 12:49:47.139169	,727	,1.1011,	0.0000,	0.2500
2024-04-17 12:49:47.147224	,728	,1.0386,	0.0000,	0.2133
2024-04-17 12:49:47.155732	,729	,1.1139,	0.0000,	0.2200
2024-04-17 12:49:47.166271	,730	,1.1364,	0.0000,	0.2300
2024-04-17 12:49:47.173476	,731	,1.1947,	0.0000,	0.2233
2024-04-17 12:49:47.184022	,732	,1.1068,	0.0000,	0.1967
2024-04-17 12:49:47.190533	,733	,1.1563,	0.0000,	0.2000
2024-04-17 12:49:47.198553	,734	,1.0592,	0.0000,	0.2067
2024-04-17 12:49:47.204278	,735	,1.1487,	0.0000,	0.1733
2024-04-17 12:49:47.211856	,736	,1.0747,	0.0000,	0.2100
2024-04-17 12:49:47.218121	,737	,1.1155,	0.0000,	0.2133
2024-04-17 12:49:47.228598	,738	,1.1312,	0.0000,	0.1867
2024-04-17 12:49:47.235202	,739	,1.0897,	0.0000,	0.2100
2024-04-17 12:49:47.243527	,740	,1.0402,	0.0000,	0.2100
2024-04-17 12:49:47.253543	,741	,1.1033,	0.0000,	0.2533
2024-04-17 12:49:47.262152	,742	,1.0573,	0.0000,	0.2500
2024-04-17 12:49:47.270761	,743	,1.0551,	0.0000,	0.2567
2024-04-17 12:49:47.279779	,744	,1.1516,	0.0000,	0.2167
2024-04-17 12:49:47.286285	,745	,1.1484,	0.0000,	0.2367
2024-04-17 12:49:47.293216	,746	,1.1532,	0.0000,	0.2100
2024-04-17 12:49:47.300226	,747	,1.1922,	0.0000,	0.2433
2024-04-17 12:49:47.305733	,748	,1.0944,	0.0000,	0.1833
2024-04-17 12:49:47.313839	,749	,1.2169,	0.0000,	0.2167
2024-04-17 12:49:47.483067	,750	,1.1338,	0.0000,	0.2033
2024-04-17 12:49:47.490248	,751	,1.1061,	0.0000,	0.2333
2024-04-17 12:49:47.499755	,752	,1.1169,	0.0000,	0.2400
2024-04-17 12:49:47.506266	,753	,1.1670,	0.0000,	0.1800
2024-04-17 12:49:47.516292	,754	,1.0589,	0.0000,	0.2333
2024-04-17 12:49:47.522808	,755	,1.1543,	0.0000,	0.2433
2024-04-17 12:49:47.531828	,756	,1.1525,	0.0000,	0.2267
2024-04-17 12:49:47.541893	,757	,1.0892,	0.0000,	0.2500
2024-04-17 12:49:47.549908	,758	,1.0775,	0.0000,	0.2133
2024-04-17 12:49:47.558933	,759	,1.2066,	0.0000,	0.2200
2024-04-17 12:49:47.567439	,760	,1.0743,	0.0000,	0.2300
2024-04-17 12:49:47.578207	,761	,1.1918,	0.0000,	0.2233
2024-04-17 12:49:47.587219	,762	,1.1332,	0.0000,	0.1967
2024-04-17 12:49:47.595773	,763	,1.1051,	0.0000,	0.2000
2024-04-17 12:49:47.602791	,764	,1.1372,	0.0000,	0.2067
2024-04-17 12:49:47.608882	,765	,1.0821,	0.0000,	0.1733
2024-04-17 12:49:47.615888	,766	,1.1417,	0.0000,	0.2100
2024-04-17 12:49:47.623473	,767	,1.0701,	0.0000,	0.2133
2024-04-17 12:49:47.631530	,768	,1.0355,	0.0000,	0.1867
2024-04-17 12:49:47.638543	,769	,1.1019,	0.0000,	0.2100
2024-04-17 12:49:47.645547	,770	,1.1140,	0.0000,	0.2100
2024-04-17 12:49:47.652377	,771	,1.1077,	0.0000,	0.2533
2024-04-17 12:49:47.659086	,772	,1.1288,	0.0000,	0.2500
2024-04-17 12:49:47.666937	,773	,1.2141,	0.0000,	0.2567
2024-04-17 12:49:47.674148	,774	,1.1500,	0.0000,	0.2167
2024-04-17 12:49:47.682003	,775	,1.0721,	0.0000,	0.2367
2024-04-17 12:49:47.691079	,776	,1.1379,	0.0000,	0.2100
2024-04-17 12:49:47.702196	,777	,1.1585,	0.0000,	0.2433
2024-04-17 12:49:47.709715	,778	,1.1167,	0.0000,	0.1833
2024-04-17 12:49:47.715714	,779	,1.1183,	0.0000,	0.2167
2024-04-17 12:49:47.904722	,780	,1.1180,	0.0000,	0.2033
2024-04-17 12:49:47.915733	,781	,1.1216,	0.0000,	0.2333
2024-04-17 12:49:47.922746	,782	,1.0789,	0.0000,	0.2400
2024-04-17 12:49:47.937786	,783	,1.1479,	0.0000,	0.1800
2024-04-17 12:49:47.949813	,784	,1.1044,	0.0000,	0.2333
2024-04-17 12:49:47.955817	,785	,1.0105,	0.0000,	0.2433
2024-04-17 12:49:47.965849	,786	,1.0759,	0.0000,	0.2267
2024-04-17 12:49:47.971866	,787	,1.1327,	0.0000,	0.2500
2024-04-17 12:49:47.981876	,788	,1.0549,	0.0000,	0.2133
2024-04-17 12:49:47.991886	,789	,1.0968,	0.0000,	0.2200
2024-04-17 12:49:48.005402	,790	,1.1109,	0.0000,	0.2300
2024-04-17 12:49:48.015855	,791	,1.1157,	0.0000,	0.2233
2024-04-17 12:49:48.023986	,792	,1.0944,	0.0000,	0.1967
2024-04-17 12:49:48.036001	,793	,1.1031,	0.0000,	0.2000
2024-04-17 12:49:48.042545	,794	,1.0626,	0.0000,	0.2067
2024-04-17 12:49:48.052558	,795	,1.0840,	0.0000,	0.1733
2024-04-17 12:49:48.064720	,796	,1.0873,	0.0000,	0.2100
2024-04-17 12:49:48.073732	,797	,1.1115,	0.0000,	0.2133
2024-04-17 12:49:48.087827	,798	,1.0740,	0.0000,	0.1867
2024-04-17 12:49:48.097841	,799	,1.1013,	0.0000,	0.2100
2024-04-17 12:49:48.107921	,800	,1.0800,	0.0000,	0.2100
2024-04-17 12:49:48.118437	,801	,1.1390,	0.0000,	0.2533
2024-04-17 12:49:48.127509	,802	,1.1028,	0.0000,	0.2500
2024-04-17 12:49:48.134531	,803	,1.2072,	0.0000,	0.2567
2024-04-17 12:49:48.145544	,804	,1.1161,	0.0000,	0.2167
2024-04-17 12:49:48.155817	,805	,1.0757,	0.0000,	0.2367
2024-04-17 12:49:48.165832	,806	,1.0643,	0.0000,	0.2100
2024-04-17 12:49:48.179933	,807	,1.1548,	0.0000,	0.2433
2024-04-17 12:49:48.187939	,808	,1.0957,	0.0000,	0.1833
2024-04-17 12:49:48.198040	,809	,1.1227,	0.0000,	0.2167
2024-04-17 12:49:48.400196	,810	,1.0962,	0.0000,	0.2033
2024-04-17 12:49:48.414716	,811	,1.1110,	0.0000,	0.2333
2024-04-17 12:49:48.422726	,812	,1.0769,	0.0000,	0.2400
2024-04-17 12:49:48.431762	,813	,1.0820,	0.0000,	0.1800
2024-04-17 12:49:48.438784	,814	,1.1303,	0.0000,	0.2333
2024-04-17 12:49:48.448942	,815	,1.1819,	0.0000,	0.2433
2024-04-17 12:49:48.459958	,816	,1.0836,	0.0000,	0.2267
2024-04-17 12:49:48.470081	,817	,1.1495,	0.0000,	0.2500
2024-04-17 12:49:48.480198	,818	,1.0761,	0.0000,	0.2133
2024-04-17 12:49:48.487199	,819	,1.1242,	0.0000,	0.2200
2024-04-17 12:49:48.498217	,820	,1.0739,	0.0000,	0.2300
2024-04-17 12:49:48.505248	,821	,1.0657,	0.0000,	0.2233
2024-04-17 12:49:48.515764	,822	,1.0050,	0.0000,	0.1967
2024-04-17 12:49:48.521838	,823	,1.2104,	0.0000,	0.2000
2024-04-17 12:49:48.531962	,824	,1.0382,	0.0000,	0.2067
2024-04-17 12:49:48.538976	,825	,1.0463,	0.0000,	0.1733
2024-04-17 12:49:48.547052	,826	,1.1120,	0.0000,	0.2100
2024-04-17 12:49:48.552567	,827	,1.0812,	0.0000,	0.2133
2024-04-17 12:49:48.564589	,828	,1.0904,	0.0000,	0.1867
2024-04-17 12:49:48.571654	,829	,1.1282,	0.0000,	0.2100
2024-04-17 12:49:48.582668	,830	,1.1012,	0.0000,	0.2100
2024-04-17 12:49:48.589773	,831	,1.0907,	0.0000,	0.2533
2024-04-17 12:49:48.600791	,832	,1.0980,	0.0000,	0.2500
2024-04-17 12:49:48.615210	,833	,1.0804,	0.0000,	0.2567
2024-04-17 12:49:48.623826	,834	,1.1280,	0.0000,	0.2167
2024-04-17 12:49:48.632841	,835	,1.0919,	0.0000,	0.2367
2024-04-17 12:49:48.640405	,836	,1.1485,	0.0000,	0.2100
2024-04-17 12:49:48.651417	,837	,1.0826,	0.0000,	0.2433
2024-04-17 12:49:48.658426	,838	,1.0461,	0.0000,	0.1833
2024-04-17 12:49:48.667609	,839	,0.9860,	0.0000,	0.2167
2024-04-17 12:49:48.865101	,840	,1.1528,	0.0000,	0.2033
2024-04-17 12:49:48.873114	,841	,1.1401,	0.0000,	0.2333
2024-04-17 12:49:48.883132	,842	,1.1725,	0.0000,	0.2400
2024-04-17 12:49:48.891287	,843	,1.0938,	0.0000,	0.1800
2024-04-17 12:49:48.900794	,844	,1.0579,	0.0000,	0.2333
2024-04-17 12:49:48.908981	,845	,1.2556,	0.0000,	0.2433
2024-04-17 12:49:48.919869	,846	,1.0688,	0.0000,	0.2267
2024-04-17 12:49:48.930878	,847	,1.0484,	0.0000,	0.2500
2024-04-17 12:49:48.937892	,848	,1.0552,	0.0000,	0.2133
2024-04-17 12:49:48.948027	,849	,1.1280,	0.0000,	0.2200
2024-04-17 12:49:48.960053	,850	,1.1875,	0.0000,	0.2300
2024-04-17 12:49:48.968056	,851	,1.1510,	0.0000,	0.2233
2024-04-17 12:49:48.980073	,852	,1.0935,	0.0000,	0.1967
2024-04-17 12:49:48.987579	,853	,1.1504,	0.0000,	0.2000
2024-04-17 12:49:48.999696	,854	,1.0645,	0.0000,	0.2067
2024-04-17 12:49:49.006209	,855	,1.0397,	0.0000,	0.1733
2024-04-17 12:49:49.019512	,856	,1.0165,	0.0000,	0.2100
2024-04-17 12:49:49.030533	,857	,1.1599,	0.0000,	0.2133
2024-04-17 12:49:49.043033	,858	,1.1201,	0.0000,	0.1867
2024-04-17 12:49:49.051042	,859	,1.1571,	0.0000,	0.2100
2024-04-17 12:49:49.063051	,860	,1.0798,	0.0000,	0.2100
2024-04-17 12:49:49.070067	,861	,1.0783,	0.0000,	0.2533
2024-04-17 12:49:49.081160	,862	,1.1406,	0.0000,	0.2500
2024-04-17 12:49:49.088166	,863	,1.1309,	0.0000,	0.2567
2024-04-17 12:49:49.098670	,864	,1.1427,	0.0000,	0.2167
2024-04-17 12:49:49.105179	,865	,1.1560,	0.0000,	0.2367
2024-04-17 12:49:49.115554	,866	,1.0383,	0.0000,	0.2100
2024-04-17 12:49:49.122567	,867	,1.1051,	0.0000,	0.2433
2024-04-17 12:49:49.131671	,868	,1.0953,	0.0000,	0.1833
2024-04-17 12:49:49.138682	,869	,1.0480,	0.0000,	0.2167
2024-04-17 12:49:49.313115	,870	,1.0758,	0.0000,	0.2033
2024-04-17 12:49:49.321669	,871	,1.1002,	0.0000,	0.2333
2024-04-17 12:49:49.330148	,872	,1.0865,	0.0000,	0.2400
2024-04-17 12:49:49.338204	,873	,1.1285,	0.0000,	0.1800
2024-04-17 12:49:49.347223	,874	,1.1177,	0.0000,	0.2333
2024-04-17 12:49:49.354257	,875	,1.1182,	0.0000,	0.2433
2024-04-17 12:49:49.365769	,876	,1.0494,	0.0000,	0.2267
2024-04-17 12:49:49.372800	,877	,1.0412,	0.0000,	0.2500
2024-04-17 12:49:49.381831	,878	,1.0388,	0.0000,	0.2133
2024-04-17 12:49:49.388854	,879	,1.0606,	0.0000,	0.2200
2024-04-17 12:49:49.397355	,880	,1.0884,	0.0000,	0.2300
2024-04-17 12:49:49.405380	,881	,1.2301,	0.0000,	0.2233
2024-04-17 12:49:49.417036	,882	,1.1479,	0.0000,	0.1967
2024-04-17 12:49:49.425547	,883	,1.1031,	0.0000,	0.2000
2024-04-17 12:49:49.436901	,884	,1.1155,	0.0000,	0.2067
2024-04-17 12:49:49.445955	,885	,1.1548,	0.0000,	0.1733
2024-04-17 12:49:49.455512	,886	,1.1188,	0.0000,	0.2100
2024-04-17 12:49:49.462526	,887	,1.1734,	0.0000,	0.2133
2024-04-17 12:49:49.470706	,888	,1.0385,	0.0000,	0.1867
2024-04-17 12:49:49.478226	,889	,1.1048,	0.0000,	0.2100
2024-04-17 12:49:49.484229	,890	,1.1130,	0.0000,	0.2100
2024-04-17 12:49:49.490720	,891	,1.0945,	0.0000,	0.2533
2024-04-17 12:49:49.498730	,892	,1.1577,	0.0000,	0.2500
2024-04-17 12:49:49.505239	,893	,1.0476,	0.0000,	0.2567
2024-04-17 12:49:49.513851	,894	,1.1435,	0.0000,	0.2167
2024-04-17 12:49:49.522864	,895	,1.0909,	0.0000,	0.2367
2024-04-17 12:49:49.532882	,896	,1.1193,	0.0000,	0.2100
2024-04-17 12:49:49.545796	,897	,1.1356,	0.0000,	0.2433
2024-04-17 12:49:49.556060	,898	,1.0785,	0.0000,	0.1833
2024-04-17 12:49:49.563076	,899	,1.0540,	0.0000,	0.2167
